cell,epoch,train_loss,val_loss,best_val,val_dice,best_val_dice,lr,improved,time_s
T0N,1,0.78096,0.75724,0.75724,0.14261,0.14261,0.0001,1,13.4
T0N,2,0.74289,0.73066,0.73066,0.14101,0.14261,0.0001,1,11.6
T0N,3,0.73001,0.73061,0.73061,0.13976,0.14261,0.0001,1,11.3
T0N,4,0.72055,0.71365,0.71365,0.14052,0.14261,0.0001,1,11.1
T0N,5,0.7122,0.70477,0.70477,0.14119,0.14261,0.0001,1,11.2
T0N,6,0.7045,0.69699,0.69699,0.14189,0.14261,0.0001,1,11.3
T0N,7,0.69613,0.68849,0.68849,0.14267,0.14267,0.0001,1,11.5
T0N,8,0.688,0.68019,0.68019,0.14303,0.14303,0.0001,1,11.7
T0N,9,0.68069,0.67436,0.67436,0.14318,0.14318,0.0001,1,11.9
T0N,10,0.67409,0.66756,0.66756,0.14216,0.14318,0.0001,1,11.9
T0N,11,0.6676,0.66165,0.66165,0.14148,0.14318,0.0001,1,11.7
T0N,12,0.66125,0.65557,0.65557,0.14062,0.14318,0.0001,1,11.5
T0N,13,0.65479,0.64995,0.64995,0.14035,0.14318,0.0001,1,11.5
T0N,14,0.64866,0.64376,0.64376,0.14287,0.14318,0.0001,1,11.5
T0N,15,0.64315,0.63994,0.63994,0.13984,0.14318,0.0001,1,11.6
T0N,16,0.637,0.63481,0.63481,0.14146,0.14318,0.0001,1,11.6
T0N,17,0.63125,0.62903,0.62903,0.1374,0.14318,0.0001,1,11.7
T0N,18,0.62578,0.62393,0.62393,0.14478,0.14478,0.0001,1,11.6
T0N,19,0.62087,0.61891,0.61891,0.14572,0.14572,0.0001,1,11.6
T0N,20,0.61473,0.61439,0.61439,0.14366,0.14572,0.0001,1,11.6
T0N,21,0.60914,0.61303,0.61303,0.14757,0.14757,0.0001,1,11.6
T0N,22,0.60365,0.60722,0.60722,0.14716,0.14757,0.0001,1,11.6
T0N,23,0.59789,0.60588,0.60588,0.14614,0.14757,0.0001,1,11.7
T0N,24,0.59346,0.59936,0.59936,0.15431,0.15431,0.0001,1,11.7
T0N,25,0.58727,0.60118,0.59936,0.15616,0.15616,0.0001,0,11.6
T0N,26,0.58114,0.59663,0.59663,0.15715,0.15715,0.0001,1,11.7
T0N,27,0.57671,0.60319,0.59663,0.15294,0.15715,0.0001,0,11.6
T0N,28,0.57062,0.59136,0.59136,0.15586,0.15715,0.0001,1,11.7
T0N,29,0.56232,0.58614,0.58614,0.16068,0.16068,0.0001,1,11.8
T0N,30,0.56496,0.58147,0.58147,0.15808,0.16068,0.0001,1,11.7
T0N,31,0.56374,0.58088,0.58088,0.1425,0.16068,0.0001,1,11.7
T0N,32,0.5567,0.57993,0.57993,0.16401,0.16401,0.0001,1,11.8
T0N,33,0.54822,0.57998,0.57993,0.16582,0.16582,0.0001,0,11.7
T0N,34,0.53765,0.57928,0.57928,0.17979,0.17979,0.0001,1,11.8
T0N,35,0.52907,0.5663,0.5663,0.18323,0.18323,0.0001,1,11.7
T0N,36,0.52208,0.56395,0.56395,0.18497,0.18497,0.0001,1,11.8
T0N,37,0.5137,0.56428,0.56395,0.17399,0.18497,0.0001,0,11.7
T0N,38,0.51641,0.57588,0.56395,0.18328,0.18497,0.0001,0,11.7
T0N,39,0.50532,0.56531,0.56395,0.20183,0.20183,0.0001,0,11.7
T0N,40,0.49691,0.56687,0.56395,0.19683,0.20183,0.0001,0,11.7
T0N,41,0.48488,0.55117,0.55117,0.21938,0.21938,0.0001,1,11.8
T0N,42,0.48177,0.57078,0.55117,0.18299,0.21938,0.0001,0,11.7
T0N,43,0.47477,0.57327,0.55117,0.20595,0.21938,0.0001,0,11.7
T0N,44,0.46879,0.57046,0.55117,0.19595,0.21938,0.0001,0,11.7
T0N,45,0.45571,0.56678,0.55117,0.21362,0.21938,0.0001,0,11.7
T0N,46,0.44371,0.57743,0.55117,0.18636,0.21938,0.0001,0,11.7
T0N,47,0.44603,0.55118,0.55117,0.23395,0.23395,1e-05,0,11.7
T0N,48,0.42106,0.55137,0.55117,0.21797,0.23395,1e-05,0,11.7
T0N,49,0.40954,0.55205,0.55117,0.21098,0.23395,1e-05,0,11.7
T0N,50,0.4028,0.55566,0.55117,0.20701,0.23395,1e-05,0,11.7
T0N,51,0.39676,0.55704,0.55117,0.20197,0.23395,1e-05,0,11.7
T0N,52,0.39204,0.55819,0.55117,0.20018,0.23395,1e-05,0,11.7
T0N,53,0.38767,0.55915,0.55117,0.19855,0.23395,1.0000000000000002e-06,0,11.7
T0N,54,0.38251,0.55979,0.55117,0.20022,0.23395,1.0000000000000002e-06,0,11.7
T0N,55,0.38196,0.55983,0.55117,0.19998,0.23395,1.0000000000000002e-06,0,11.7
T0N,56,0.38138,0.55938,0.55117,0.19937,0.23395,1.0000000000000002e-06,0,11.7
T0N,57,0.38097,0.55987,0.55117,0.19909,0.23395,1.0000000000000002e-06,0,11.7
T0N,58,0.38058,0.56002,0.55117,0.1989,0.23395,1.0000000000000002e-06,0,11.7
T0N,59,0.38031,0.55997,0.55117,0.19894,0.23395,1.0000000000000002e-07,0,11.7
T0N,60,0.37977,0.56009,0.55117,0.19902,0.23395,1.0000000000000002e-07,0,11.7
T0N,61,0.37971,0.56012,0.55117,0.19897,0.23395,1.0000000000000002e-07,0,11.7
T0N,62,0.37969,0.56019,0.55117,0.19901,0.23395,1.0000000000000002e-07,0,11.6
T0N,63,0.37966,0.56021,0.55117,0.199,0.23395,1.0000000000000002e-07,0,11.7
T0N,64,0.37964,0.56028,0.55117,0.19894,0.23395,1.0000000000000002e-07,0,11.7
T0N,65,0.37961,0.56026,0.55117,0.19896,0.23395,1.0000000000000004e-08,0,11.7
T0N,66,0.37959,0.56025,0.55117,0.19905,0.23395,1.0000000000000004e-08,0,11.6
T0N,67,0.37959,0.5603,0.55117,0.19898,0.23395,1.0000000000000004e-08,0,11.7
T0N,68,0.37958,0.56028,0.55117,0.19898,0.23395,1.0000000000000004e-08,0,11.7
T0N,69,0.37958,0.56028,0.55117,0.19897,0.23395,1.0000000000000004e-08,0,11.7
T0N,70,0.37959,0.56022,0.55117,0.19903,0.23395,1.0000000000000004e-08,0,11.7
T0N,71,0.37958,0.56019,0.55117,0.19905,0.23395,1.0000000000000004e-08,0,11.7
T0N,72,0.37958,0.56019,0.55117,0.19905,0.23395,1.0000000000000004e-08,0,11.7
T0N,73,0.37957,0.56027,0.55117,0.19896,0.23395,1.0000000000000004e-08,0,11.7
T0N,74,0.37957,0.56027,0.55117,0.19896,0.23395,1.0000000000000004e-08,0,11.7
T0N,75,0.37957,0.56027,0.55117,0.19894,0.23395,1.0000000000000004e-08,0,11.7
T0N,76,0.37956,0.56027,0.55117,0.19894,0.23395,1.0000000000000004e-08,0,11.7
T0N,77,0.37955,0.56028,0.55117,0.19893,0.23395,1.0000000000000004e-08,0,11.7
T0N,78,0.37954,0.56031,0.55117,0.19888,0.23395,1.0000000000000004e-08,0,11.7
T0N,79,0.37953,0.56025,0.55117,0.19894,0.23395,1.0000000000000004e-08,0,11.7
T0N,80,0.37952,0.56031,0.55117,0.19886,0.23395,1.0000000000000004e-08,0,11.7
T0N,81,0.37951,0.56023,0.55117,0.19894,0.23395,1.0000000000000004e-08,0,11.7
T0N,82,0.37952,0.56023,0.55117,0.19893,0.23395,1.0000000000000004e-08,0,11.7
T0N,83,0.37951,0.56023,0.55117,0.19894,0.23395,1.0000000000000004e-08,0,11.7
T0N,84,0.3795,0.56023,0.55117,0.19893,0.23395,1.0000000000000004e-08,0,11.7
T0N,85,0.37951,0.56022,0.55117,0.19894,0.23395,1.0000000000000004e-08,0,11.7
T0N,86,0.37946,0.56028,0.55117,0.19889,0.23395,1.0000000000000004e-08,0,11.7
T0N,87,0.37945,0.5603,0.55117,0.1989,0.23395,1.0000000000000004e-08,0,11.7
T0N,88,0.37945,0.5603,0.55117,0.19889,0.23395,1.0000000000000004e-08,0,11.7
T0N,89,0.37945,0.5603,0.55117,0.1989,0.23395,1.0000000000000004e-08,0,11.7
T0N,90,0.37945,0.56031,0.55117,0.19889,0.23395,1.0000000000000004e-08,0,11.7
T0N,91,0.37945,0.5603,0.55117,0.19888,0.23395,1.0000000000000004e-08,0,11.7
T0N,92,0.37944,0.5603,0.55117,0.19888,0.23395,1.0000000000000004e-08,0,11.7
T0N,93,0.37944,0.56032,0.55117,0.19886,0.23395,1.0000000000000004e-08,0,11.7
T0N,94,0.37944,0.56036,0.55117,0.19879,0.23395,1.0000000000000004e-08,0,11.7
T0N,95,0.37944,0.56036,0.55117,0.19879,0.23395,1.0000000000000004e-08,0,11.7
T0N,96,0.37944,0.56034,0.55117,0.19881,0.23395,1.0000000000000004e-08,0,11.7
T0N,97,0.37943,0.56036,0.55117,0.19879,0.23395,1.0000000000000004e-08,0,11.6
T0N,98,0.37943,0.56036,0.55117,0.1988,0.23395,1.0000000000000004e-08,0,11.6
T0N,99,0.37943,0.56037,0.55117,0.19879,0.23395,1.0000000000000004e-08,0,11.6
T0N,100,0.37942,0.56038,0.55117,0.19879,0.23395,1.0000000000000004e-08,0,11.6
T0N,101,0.37942,0.56036,0.55117,0.19883,0.23395,1.0000000000000004e-08,0,11.7
T0N,102,0.37941,0.56037,0.55117,0.19881,0.23395,1.0000000000000004e-08,0,11.7
T0N,103,0.3794,0.5604,0.55117,0.1988,0.23395,1.0000000000000004e-08,0,11.7
T0N,104,0.37939,0.56042,0.55117,0.1988,0.23395,1.0000000000000004e-08,0,11.7
T0N,105,0.37939,0.56043,0.55117,0.19878,0.23395,1.0000000000000004e-08,0,11.7
T0N,106,0.37938,0.56042,0.55117,0.19879,0.23395,1.0000000000000004e-08,0,11.7
T0N,107,0.37938,0.56042,0.55117,0.19879,0.23395,1.0000000000000004e-08,0,11.7
T0N,108,0.37938,0.56043,0.55117,0.1988,0.23395,1.0000000000000004e-08,0,11.7
T0N,109,0.37939,0.56043,0.55117,0.19879,0.23395,1.0000000000000004e-08,0,11.7
T0N,110,0.37938,0.56043,0.55117,0.19878,0.23395,1.0000000000000004e-08,0,11.7
T0N,111,0.37939,0.56043,0.55117,0.19877,0.23395,1.0000000000000004e-08,0,11.7
T0N,112,0.37942,0.56044,0.55117,0.19879,0.23395,1.0000000000000004e-08,0,11.7
T0N,113,0.37941,0.56045,0.55117,0.19879,0.23395,1.0000000000000004e-08,0,11.7
T0N,114,0.37941,0.56045,0.55117,0.19878,0.23395,1.0000000000000004e-08,0,11.7
T0N,115,0.37941,0.56044,0.55117,0.19877,0.23395,1.0000000000000004e-08,0,11.6
T0N,116,0.37941,0.56042,0.55117,0.1988,0.23395,1.0000000000000004e-08,0,11.6
T0N,117,0.3794,0.56042,0.55117,0.1988,0.23395,1.0000000000000004e-08,0,11.7
T0N,118,0.3794,0.56042,0.55117,0.1988,0.23395,1.0000000000000004e-08,0,11.7
T0N,119,0.37939,0.56042,0.55117,0.1988,0.23395,1.0000000000000004e-08,0,11.6
T0N,120,0.37939,0.56043,0.55117,0.1988,0.23395,1.0000000000000004e-08,0,11.6
T0N,121,0.37939,0.56043,0.55117,0.1988,0.23395,1.0000000000000004e-08,0,11.6
T0N,122,0.37937,0.56042,0.55117,0.19882,0.23395,1.0000000000000004e-08,0,11.6
T0N,123,0.37937,0.56042,0.55117,0.19882,0.23395,1.0000000000000004e-08,0,11.7
T0N,124,0.37937,0.56042,0.55117,0.19881,0.23395,1.0000000000000004e-08,0,11.7
T0N,125,0.37937,0.56042,0.55117,0.19881,0.23395,1.0000000000000004e-08,0,11.6
T0N,126,0.37937,0.56044,0.55117,0.19879,0.23395,1.0000000000000004e-08,0,11.6
T0N,127,0.37936,0.56043,0.55117,0.1988,0.23395,1.0000000000000004e-08,0,11.6
T0N,128,0.37937,0.56043,0.55117,0.19879,0.23395,1.0000000000000004e-08,0,11.7
T0N,129,0.37936,0.56042,0.55117,0.19882,0.23395,1.0000000000000004e-08,0,11.6
T0N,130,0.37936,0.56041,0.55117,0.19882,0.23395,1.0000000000000004e-08,0,11.7
T0N,131,0.37936,0.5604,0.55117,0.19883,0.23395,1.0000000000000004e-08,0,11.7
T0N,132,0.37936,0.56041,0.55117,0.19886,0.23395,1.0000000000000004e-08,0,11.7
T0N,133,0.37934,0.56041,0.55117,0.19886,0.23395,1.0000000000000004e-08,0,11.7
T0N,134,0.37934,0.56043,0.55117,0.19886,0.23395,1.0000000000000004e-08,0,11.7
T0N,135,0.37935,0.56042,0.55117,0.19887,0.23395,1.0000000000000004e-08,0,11.7
T0N,136,0.37934,0.56043,0.55117,0.19886,0.23395,1.0000000000000004e-08,0,11.7
T0N,137,0.37934,0.56043,0.55117,0.19885,0.23395,1.0000000000000004e-08,0,11.7
T0N,138,0.37933,0.56043,0.55117,0.19884,0.23395,1.0000000000000004e-08,0,11.7
T0N,139,0.37934,0.56043,0.55117,0.19884,0.23395,1.0000000000000004e-08,0,11.7
T0N,140,0.37934,0.56041,0.55117,0.19884,0.23395,1.0000000000000004e-08,0,11.7
T0N,141,0.37934,0.56042,0.55117,0.19884,0.23395,1.0000000000000004e-08,0,11.7
T0N,142,0.37934,0.56042,0.55117,0.19884,0.23395,1.0000000000000004e-08,0,11.7
T0N,143,0.37933,0.56042,0.55117,0.19884,0.23395,1.0000000000000004e-08,0,11.6
T0N,144,0.37933,0.56042,0.55117,0.19884,0.23395,1.0000000000000004e-08,0,11.6
T0N,145,0.37932,0.56042,0.55117,0.19883,0.23395,1.0000000000000004e-08,0,11.6
T0N,146,0.37932,0.56041,0.55117,0.19883,0.23395,1.0000000000000004e-08,0,11.6
T0N,147,0.37932,0.56041,0.55117,0.19883,0.23395,1.0000000000000004e-08,0,11.7
T0N,148,0.37932,0.56042,0.55117,0.19883,0.23395,1.0000000000000004e-08,0,11.7
T0N,149,0.37932,0.56042,0.55117,0.19883,0.23395,1.0000000000000004e-08,0,11.6
T0N,150,0.3793,0.56042,0.55117,0.19883,0.23395,1.0000000000000004e-08,0,11.6
T0N,151,0.37931,0.56037,0.55117,0.19886,0.23395,1.0000000000000004e-08,0,11.6
T0N,152,0.37931,0.56036,0.55117,0.19886,0.23395,1.0000000000000004e-08,0,11.6
T0N,153,0.3793,0.56036,0.55117,0.19886,0.23395,1.0000000000000004e-08,0,11.6
T0N,154,0.37929,0.56034,0.55117,0.19887,0.23395,1.0000000000000004e-08,0,11.7
T0N,155,0.37929,0.56035,0.55117,0.19886,0.23395,1.0000000000000004e-08,0,11.6
T0N,156,0.37927,0.56035,0.55117,0.19887,0.23395,1.0000000000000004e-08,0,11.7
T0N,157,0.37926,0.56035,0.55117,0.19884,0.23395,1.0000000000000004e-08,0,11.7
T0N,158,0.37927,0.56035,0.55117,0.19884,0.23395,1.0000000000000004e-08,0,11.7
T0N,159,0.37925,0.56035,0.55117,0.19883,0.23395,1.0000000000000004e-08,0,11.7
T0N,160,0.37925,0.56035,0.55117,0.19883,0.23395,1.0000000000000004e-08,0,11.7
T0N,161,0.37924,0.56035,0.55117,0.19884,0.23395,1.0000000000000004e-08,0,11.7
T0N,162,0.37924,0.56035,0.55117,0.19884,0.23395,1.0000000000000004e-08,0,11.7
T0N,163,0.37924,0.56034,0.55117,0.19885,0.23395,1.0000000000000004e-08,0,11.7
T0N,164,0.37923,0.56034,0.55117,0.19885,0.23395,1.0000000000000004e-08,0,11.7
T0N,165,0.37923,0.56033,0.55117,0.19887,0.23395,1.0000000000000004e-08,0,11.7
T0N,166,0.37923,0.56033,0.55117,0.19886,0.23395,1.0000000000000004e-08,0,11.7
T0N,167,0.37922,0.56034,0.55117,0.19886,0.23395,1.0000000000000004e-08,0,11.7
T0N,168,0.37921,0.56033,0.55117,0.19884,0.23395,1.0000000000000004e-08,0,11.6
T0N,169,0.37922,0.56032,0.55117,0.19885,0.23395,1.0000000000000004e-08,0,11.7
T0N,170,0.37921,0.56032,0.55117,0.19885,0.23395,1.0000000000000004e-08,0,11.6
T0N,171,0.3792,0.56027,0.55117,0.19887,0.23395,1.0000000000000004e-08,0,11.6
T0N,172,0.37919,0.56028,0.55117,0.19886,0.23395,1.0000000000000004e-08,0,11.7
T0N,173,0.37919,0.56028,0.55117,0.19886,0.23395,1.0000000000000004e-08,0,11.7
T0N,174,0.37919,0.56028,0.55117,0.19887,0.23395,1.0000000000000004e-08,0,11.6
T0N,175,0.37918,0.56034,0.55117,0.19881,0.23395,1.0000000000000004e-08,0,11.7
T0N,176,0.37918,0.56033,0.55117,0.19878,0.23395,1.0000000000000004e-08,0,11.7
T0N,177,0.37918,0.56036,0.55117,0.19874,0.23395,1.0000000000000004e-08,0,11.7
T0N,178,0.37917,0.56036,0.55117,0.19874,0.23395,1.0000000000000004e-08,0,11.7
T0N,179,0.37917,0.56039,0.55117,0.1987,0.23395,1.0000000000000004e-08,0,11.7
T0N,180,0.37916,0.56039,0.55117,0.1987,0.23395,1.0000000000000004e-08,0,11.7
T0N,181,0.37916,0.56039,0.55117,0.19869,0.23395,1.0000000000000004e-08,0,11.7
T0N,182,0.37916,0.56039,0.55117,0.19869,0.23395,1.0000000000000004e-08,0,11.7
T0N,183,0.37915,0.56039,0.55117,0.19869,0.23395,1.0000000000000004e-08,0,11.7
T0N,184,0.37915,0.56038,0.55117,0.19869,0.23395,1.0000000000000004e-08,0,11.7
T0N,185,0.37915,0.56038,0.55117,0.1987,0.23395,1.0000000000000004e-08,0,11.6
T0N,186,0.37915,0.56038,0.55117,0.19869,0.23395,1.0000000000000004e-08,0,11.7
T0N,187,0.37915,0.5603,0.55117,0.19871,0.23395,1.0000000000000004e-08,0,11.7
T0N,188,0.37914,0.5603,0.55117,0.19872,0.23395,1.0000000000000004e-08,0,11.7
T0N,189,0.37913,0.5603,0.55117,0.19871,0.23395,1.0000000000000004e-08,0,11.6
T0N,190,0.37912,0.56029,0.55117,0.19873,0.23395,1.0000000000000004e-08,0,11.7
T0N,191,0.37912,0.56025,0.55117,0.19879,0.23395,1.0000000000000004e-08,0,11.7
T0N,192,0.37912,0.56025,0.55117,0.1988,0.23395,1.0000000000000004e-08,0,11.7
T0N,193,0.37913,0.56026,0.55117,0.19879,0.23395,1.0000000000000004e-08,0,11.7
T0N,194,0.37912,0.56025,0.55117,0.19881,0.23395,1.0000000000000004e-08,0,11.7
T0N,195,0.37911,0.56023,0.55117,0.19882,0.23395,1.0000000000000004e-08,0,11.7
T0N,196,0.37911,0.56023,0.55117,0.19883,0.23395,1.0000000000000004e-08,0,11.7
T0N,197,0.37912,0.56023,0.55117,0.19882,0.23395,1.0000000000000004e-08,0,11.7
T0N,198,0.37912,0.56023,0.55117,0.19882,0.23395,1.0000000000000004e-08,0,11.7
T0N,199,0.37912,0.56024,0.55117,0.19879,0.23395,1.0000000000000004e-08,0,11.7
T0N,200,0.37911,0.56025,0.55117,0.19881,0.23395,1.0000000000000004e-08,0,11.7
