cell,epoch,train_loss,val_loss,best_val,bin_val_dice,bin_val_prec,bin_val_rec,bin_val_fpr,bin_val_fnr,best_bin_dice,lr,improved,time_s
TD,1,0.8397,0.81589,0.81589,0.24618,0.19471,0.64923,0.22305,0.03796,0.24618,0.0001,1,12.6
TD,2,0.82271,0.80759,0.80759,0.24624,0.18533,0.72838,0.26058,0.0318,0.24624,0.0001,1,12.5
TD,3,0.81425,0.80226,0.80226,0.25262,0.19518,0.66487,0.21627,0.03599,0.25262,0.0001,1,12.5
TD,4,0.80737,0.7974,0.7974,0.24479,0.22352,0.50347,0.14149,0.05074,0.25262,0.0001,1,12.4
TD,5,0.80242,0.79221,0.79221,0.24054,0.23536,0.46224,0.12086,0.05434,0.25262,0.0001,1,12.2
TD,6,0.79879,0.78934,0.78934,0.24103,0.24087,0.46089,0.11942,0.05505,0.25262,0.0001,1,12.2
TD,7,0.79583,0.78991,0.78934,0.24166,0.21175,0.52196,0.15722,0.04793,0.25262,0.0001,0,12.1
TD,8,0.793,0.78478,0.78478,0.21867,0.22596,0.40357,0.10609,0.05994,0.25262,0.0001,1,12.2
TD,9,0.78683,0.77674,0.77674,0.21296,0.23967,0.39101,0.09812,0.06207,0.25262,0.0001,1,12.2
TD,10,0.78133,0.77271,0.77271,0.21053,0.22883,0.3838,0.09401,0.0629,0.25262,0.0001,1,12.1
TD,11,0.77632,0.76694,0.76694,0.21624,0.23932,0.39945,0.1004,0.06104,0.25262,0.0001,1,12.4
TD,12,0.77146,0.76211,0.76211,0.21168,0.22859,0.38355,0.09545,0.06243,0.25262,0.0001,1,12.1
TD,13,0.76654,0.75828,0.75828,0.22163,0.23076,0.41438,0.10299,0.06023,0.25262,0.0001,1,12.1
TD,14,0.76227,0.75295,0.75295,0.24566,0.26222,0.4644,0.10828,0.05747,0.25262,0.0001,1,12.2
TD,15,0.75819,0.74998,0.74998,0.23163,0.24755,0.43928,0.1008,0.06003,0.25262,0.0001,1,12.2
TD,16,0.75303,0.74471,0.74471,0.28024,0.25086,0.57819,0.12873,0.0491,0.28024,0.0001,1,12.2
TD,17,0.74963,0.74301,0.74301,0.23999,0.25382,0.47336,0.11857,0.05513,0.28024,0.0001,1,12.2
TD,18,0.74482,0.73447,0.73447,0.29662,0.26895,0.5821,0.11871,0.05009,0.29662,0.0001,1,12.2
TD,19,0.73866,0.73453,0.73447,0.28922,0.27075,0.57605,0.13092,0.0497,0.29662,0.0001,0,12.1
TD,20,0.73486,0.72156,0.72156,0.29969,0.30633,0.51471,0.08415,0.05694,0.29969,0.0001,1,12.1
TD,21,0.72846,0.71768,0.71768,0.32632,0.3118,0.60625,0.09305,0.05254,0.32632,0.0001,1,12.2
TD,22,0.72077,0.71043,0.71043,0.3341,0.31056,0.61616,0.09987,0.04886,0.3341,0.0001,1,12.2
TD,23,0.71379,0.71545,0.71043,0.32813,0.28626,0.69152,0.13091,0.04122,0.3341,0.0001,0,12.0
TD,24,0.70662,0.7286,0.71043,0.32919,0.27548,0.74976,0.15395,0.0363,0.3341,0.0001,0,12.1
TD,25,0.69843,0.70003,0.70003,0.28737,0.29607,0.44027,0.07463,0.05463,0.3341,0.0001,1,12.1
TD,26,0.69793,0.72054,0.70003,0.28555,0.23465,0.66091,0.15886,0.0419,0.3341,0.0001,0,12.1
TD,27,0.68591,0.70004,0.70003,0.25948,0.32561,0.39696,0.05257,0.06453,0.3341,0.0001,0,11.9
TD,28,0.67476,0.70781,0.70003,0.20005,0.31117,0.24138,0.02034,0.0745,0.3341,0.0001,0,11.9
TD,29,0.66225,0.68895,0.68895,0.26458,0.32345,0.41129,0.05507,0.0603,0.3341,0.0001,1,12.0
TD,30,0.64855,0.69533,0.68895,0.21511,0.28775,0.32293,0.03563,0.06865,0.3341,0.0001,0,12.0
TD,31,0.64421,0.6841,0.6841,0.27402,0.36139,0.42475,0.05127,0.06343,0.3341,0.0001,1,12.1
TD,32,0.64032,0.70659,0.6841,0.33259,0.28828,0.72781,0.14313,0.03843,0.3341,0.0001,0,12.0
TD,33,0.62982,0.67939,0.67939,0.29351,0.43337,0.47299,0.06298,0.05982,0.3341,0.0001,1,12.1
TD,34,0.61522,0.6641,0.6641,0.32663,0.39251,0.5118,0.06262,0.05606,0.3341,0.0001,1,12.1
TD,35,0.60356,0.6739,0.6641,0.24529,0.3005,0.35567,0.03697,0.06554,0.3341,0.0001,0,11.9
TD,36,0.59826,0.66037,0.66037,0.30771,0.35541,0.50893,0.07224,0.05371,0.3341,0.0001,1,12.1
TD,37,0.58207,0.67481,0.66037,0.31974,0.31487,0.58989,0.09222,0.04891,0.3341,0.0001,0,12.0
TD,38,0.57644,0.663,0.66037,0.34821,0.35699,0.60236,0.08309,0.05208,0.34821,0.0001,0,12.0
TD,39,0.56898,0.6844,0.66037,0.31766,0.30801,0.65239,0.12485,0.04232,0.34821,0.0001,0,12.0
TD,40,0.54998,0.68695,0.66037,0.33672,0.31397,0.68274,0.12256,0.03955,0.34821,0.0001,0,12.0
TD,41,0.52475,0.65794,0.65794,0.31218,0.35095,0.48996,0.0626,0.05729,0.34821,0.0001,1,12.1
TD,42,0.51138,0.70141,0.65794,0.33668,0.30948,0.68203,0.11886,0.04633,0.34821,0.0001,0,12.0
TD,43,0.50163,0.6746,0.65794,0.30606,0.33148,0.55269,0.09201,0.05013,0.34821,0.0001,0,12.0
TD,44,0.49602,0.66706,0.65794,0.31899,0.33359,0.54266,0.07406,0.05364,0.34821,0.0001,0,12.0
TD,45,0.47667,0.67601,0.65794,0.33384,0.30575,0.66283,0.10705,0.04323,0.34821,0.0001,0,12.0
TD,46,0.45058,0.65991,0.65794,0.27726,0.38747,0.44672,0.06053,0.06067,0.34821,0.0001,0,12.0
TD,47,0.43817,0.67839,0.65794,0.35119,0.3185,0.65235,0.10013,0.04654,0.35119,1e-05,0,12.0
TD,48,0.41867,0.65367,0.65367,0.2862,0.33636,0.3985,0.03934,0.06693,0.35119,1e-05,1,12.0
TD,49,0.39984,0.64702,0.64702,0.29702,0.32709,0.40333,0.03828,0.06613,0.35119,1e-05,1,12.1
TD,50,0.39236,0.64784,0.64702,0.29724,0.32654,0.40418,0.03832,0.06617,0.35119,1e-05,0,11.9
TD,51,0.38717,0.64673,0.64673,0.30003,0.33274,0.40595,0.03765,0.06602,0.35119,1e-05,1,12.0
TD,52,0.38282,0.64637,0.64637,0.30093,0.33276,0.40703,0.03775,0.06569,0.35119,1e-05,1,12.0
TD,53,0.37894,0.64721,0.64637,0.29857,0.33653,0.4018,0.03699,0.06589,0.35119,1e-05,0,11.9
TD,54,0.37451,0.64552,0.64552,0.30113,0.34195,0.40286,0.03625,0.06572,0.35119,1e-05,1,12.1
TD,55,0.37079,0.64768,0.64552,0.29407,0.36336,0.39307,0.0353,0.06635,0.35119,1e-05,0,11.9
TD,56,0.36682,0.6456,0.64552,0.301,0.37178,0.3974,0.03506,0.06618,0.35119,1e-05,0,11.9
TD,57,0.36335,0.648,0.64552,0.29476,0.37078,0.38927,0.03413,0.0667,0.35119,1e-05,0,12.0
TD,58,0.35956,0.64561,0.64552,0.30119,0.35521,0.38947,0.03378,0.06662,0.35119,1e-05,0,12.0
TD,59,0.35612,0.64885,0.64552,0.29433,0.35588,0.38045,0.03289,0.06727,0.35119,1e-05,0,11.9
TD,60,0.35259,0.64605,0.64552,0.30076,0.36258,0.3854,0.03273,0.06687,0.35119,1.0000000000000002e-06,0,11.9
TD,61,0.34865,0.64607,0.64552,0.30016,0.3864,0.3839,0.03283,0.06693,0.35119,1.0000000000000002e-06,0,11.9
TD,62,0.34814,0.64568,0.64552,0.30274,0.38685,0.38536,0.03283,0.06692,0.35119,1.0000000000000002e-06,0,11.9
TD,63,0.34774,0.64441,0.64441,0.30828,0.38741,0.38882,0.0328,0.0668,0.35119,1.0000000000000002e-06,1,12.0
TD,64,0.34738,0.64489,0.64441,0.30672,0.38633,0.38861,0.03294,0.06678,0.35119,1.0000000000000002e-06,0,11.9
TD,65,0.34703,0.64488,0.64441,0.3081,0.38863,0.38891,0.03289,0.06683,0.35119,1.0000000000000002e-06,0,11.9
TD,66,0.34675,0.6445,0.64441,0.30939,0.38844,0.38985,0.03288,0.06682,0.35119,1.0000000000000002e-06,0,12.0
TD,67,0.34638,0.64536,0.64441,0.30773,0.38876,0.38777,0.03272,0.06702,0.35119,1.0000000000000002e-06,0,11.9
TD,68,0.34607,0.64536,0.64441,0.30947,0.41384,0.38905,0.0329,0.06699,0.35119,1.0000000000000002e-06,0,11.9
TD,69,0.34572,0.64689,0.64441,0.30284,0.38924,0.38417,0.0328,0.06716,0.35119,1.0000000000000002e-07,0,11.9
TD,70,0.34525,0.64705,0.64441,0.30226,0.41433,0.38371,0.03291,0.06718,0.35119,1.0000000000000002e-07,0,11.9
TD,71,0.34522,0.64704,0.64441,0.30266,0.41446,0.38392,0.03292,0.06718,0.35119,1.0000000000000002e-07,0,11.9
TD,72,0.34518,0.64724,0.64441,0.3022,0.41445,0.38336,0.03288,0.0672,0.35119,1.0000000000000002e-07,0,11.9
TD,73,0.34514,0.64708,0.64441,0.30252,0.41436,0.38364,0.03287,0.06719,0.35119,1.0000000000000002e-07,0,11.9
TD,74,0.34511,0.64736,0.64441,0.3018,0.41422,0.383,0.03289,0.06722,0.35119,1.0000000000000002e-07,0,11.9
TD,75,0.34506,0.64743,0.64441,0.30156,0.41403,0.38298,0.0329,0.06722,0.35119,1.0000000000000004e-08,0,11.9
TD,76,0.34501,0.64732,0.64441,0.30172,0.41428,0.38311,0.0329,0.06721,0.35119,1.0000000000000004e-08,0,11.9
TD,77,0.345,0.64692,0.64441,0.3045,0.41391,0.38477,0.03291,0.06716,0.35119,1.0000000000000004e-08,0,11.9
TD,78,0.345,0.64691,0.64441,0.30455,0.41392,0.3848,0.03291,0.06716,0.35119,1.0000000000000004e-08,0,11.9
TD,79,0.345,0.6469,0.64441,0.30455,0.41385,0.38482,0.03291,0.06716,0.35119,1.0000000000000004e-08,0,11.9
TD,80,0.345,0.6469,0.64441,0.30455,0.41386,0.38482,0.03291,0.06716,0.35119,1.0000000000000004e-08,0,11.9
TD,81,0.345,0.64683,0.64441,0.30463,0.41395,0.38484,0.03289,0.06716,0.35119,1.0000000000000004e-08,0,11.9
TD,82,0.345,0.64681,0.64441,0.3046,0.41388,0.38486,0.0329,0.06716,0.35119,1.0000000000000004e-08,0,11.9
TD,83,0.34499,0.64677,0.64441,0.30479,0.41388,0.38498,0.03289,0.06715,0.35119,1.0000000000000004e-08,0,11.9
TD,84,0.34499,0.64677,0.64441,0.30478,0.41387,0.38501,0.0329,0.06715,0.35119,1.0000000000000004e-08,0,11.9
TD,85,0.34499,0.64677,0.64441,0.30472,0.41386,0.38495,0.0329,0.06715,0.35119,1.0000000000000004e-08,0,11.8
TD,86,0.34499,0.64679,0.64441,0.30472,0.41387,0.38494,0.0329,0.06715,0.35119,1.0000000000000004e-08,0,11.9
TD,87,0.34498,0.64704,0.64441,0.30416,0.41386,0.38432,0.03289,0.06718,0.35119,1.0000000000000004e-08,0,11.9
TD,88,0.34498,0.64705,0.64441,0.30416,0.4139,0.38431,0.03289,0.06718,0.35119,1.0000000000000004e-08,0,11.8
TD,89,0.34497,0.64706,0.64441,0.30414,0.41387,0.3843,0.0329,0.06718,0.35119,1.0000000000000004e-08,0,11.9
TD,90,0.34497,0.64705,0.64441,0.30415,0.41386,0.38434,0.03291,0.06718,0.35119,1.0000000000000004e-08,0,11.9
TD,91,0.34497,0.64705,0.64441,0.304,0.41378,0.38426,0.03292,0.06717,0.35119,1.0000000000000004e-08,0,11.8
TD,92,0.34497,0.64706,0.64441,0.30391,0.41376,0.38417,0.03292,0.06718,0.35119,1.0000000000000004e-08,0,11.9
TD,93,0.34497,0.6471,0.64441,0.30391,0.41376,0.38416,0.03293,0.06718,0.35119,1.0000000000000004e-08,0,11.9
TD,94,0.34497,0.64709,0.64441,0.30392,0.41377,0.38417,0.03293,0.06718,0.35119,1.0000000000000004e-08,0,11.9
TD,95,0.34496,0.64778,0.64441,0.30328,0.41366,0.38383,0.03293,0.06721,0.35119,1.0000000000000004e-08,0,11.9
TD,96,0.34496,0.64777,0.64441,0.30324,0.41372,0.38379,0.03293,0.06721,0.35119,1.0000000000000004e-08,0,11.9
TD,97,0.34496,0.64777,0.64441,0.30325,0.41373,0.38378,0.03293,0.06721,0.35119,1.0000000000000004e-08,0,11.9
TD,98,0.34496,0.64777,0.64441,0.30324,0.41372,0.38376,0.03293,0.06721,0.35119,1.0000000000000004e-08,0,11.9
TD,99,0.34496,0.64778,0.64441,0.30313,0.41361,0.38365,0.03293,0.06721,0.35119,1.0000000000000004e-08,0,11.9
TD,100,0.34496,0.64775,0.64441,0.30324,0.41366,0.38375,0.03293,0.06721,0.35119,1.0000000000000004e-08,0,11.9
TD,101,0.34496,0.64776,0.64441,0.30332,0.41365,0.38383,0.03296,0.06721,0.35119,1.0000000000000004e-08,0,11.9
TD,102,0.34496,0.64775,0.64441,0.30334,0.41359,0.38392,0.03298,0.0672,0.35119,1.0000000000000004e-08,0,11.9
TD,103,0.34496,0.64775,0.64441,0.30332,0.41359,0.38388,0.03298,0.0672,0.35119,1.0000000000000004e-08,0,11.8
TD,104,0.34496,0.64776,0.64441,0.30326,0.41365,0.38378,0.03296,0.06721,0.35119,1.0000000000000004e-08,0,11.8
TD,105,0.34495,0.64772,0.64441,0.30336,0.4138,0.38378,0.03294,0.06721,0.35119,1.0000000000000004e-08,0,11.9
TD,106,0.34494,0.64771,0.64441,0.30345,0.41383,0.38385,0.03294,0.06721,0.35119,1.0000000000000004e-08,0,11.9
TD,107,0.34494,0.64771,0.64441,0.30346,0.41382,0.38389,0.03294,0.0672,0.35119,1.0000000000000004e-08,0,11.9
TD,108,0.34494,0.64772,0.64441,0.30348,0.41384,0.38392,0.03295,0.0672,0.35119,1.0000000000000004e-08,0,11.9
TD,109,0.34493,0.64772,0.64441,0.30355,0.41384,0.38399,0.03296,0.0672,0.35119,1.0000000000000004e-08,0,11.9
TD,110,0.34493,0.64771,0.64441,0.30353,0.41389,0.38395,0.03295,0.0672,0.35119,1.0000000000000004e-08,0,11.9
TD,111,0.34492,0.64703,0.64441,0.30416,0.41388,0.38422,0.03294,0.06718,0.35119,1.0000000000000004e-08,0,11.8
TD,112,0.34493,0.64703,0.64441,0.30415,0.41386,0.38425,0.03294,0.06718,0.35119,1.0000000000000004e-08,0,11.9
TD,113,0.34492,0.64704,0.64441,0.30391,0.41384,0.38411,0.03294,0.06718,0.35119,1.0000000000000004e-08,0,11.8
TD,114,0.34492,0.64701,0.64441,0.30395,0.4139,0.38409,0.03293,0.06718,0.35119,1.0000000000000004e-08,0,11.8
TD,115,0.34492,0.64701,0.64441,0.30399,0.41389,0.38412,0.03293,0.06718,0.35119,1.0000000000000004e-08,0,11.8
TD,116,0.34492,0.64699,0.64441,0.30404,0.41391,0.38417,0.03293,0.06718,0.35119,1.0000000000000004e-08,0,11.9
TD,117,0.34491,0.64696,0.64441,0.30451,0.41406,0.38459,0.03293,0.06717,0.35119,1.0000000000000004e-08,0,11.8
TD,118,0.34491,0.64705,0.64441,0.30442,0.41411,0.38453,0.03292,0.06717,0.35119,1.0000000000000004e-08,0,11.8
TD,119,0.34492,0.64704,0.64441,0.30447,0.41417,0.38457,0.03292,0.06717,0.35119,1.0000000000000004e-08,0,11.9
TD,120,0.34492,0.64706,0.64441,0.30436,0.41414,0.38449,0.03292,0.06718,0.35119,1.0000000000000004e-08,0,11.8
TD,121,0.34492,0.64695,0.64441,0.30482,0.41473,0.38457,0.03289,0.06717,0.35119,1.0000000000000004e-08,0,11.8
TD,122,0.34491,0.64694,0.64441,0.30492,0.41472,0.38461,0.03289,0.06717,0.35119,1.0000000000000004e-08,0,11.9
TD,123,0.34491,0.64694,0.64441,0.30491,0.41471,0.38461,0.0329,0.06717,0.35119,1.0000000000000004e-08,0,11.9
TD,124,0.3449,0.64718,0.64441,0.30462,0.4138,0.38457,0.03295,0.06719,0.35119,1.0000000000000004e-08,0,11.9
TD,125,0.3449,0.64707,0.64441,0.30464,0.41365,0.38456,0.03295,0.06717,0.35119,1.0000000000000004e-08,0,11.9
TD,126,0.34489,0.64722,0.64441,0.30453,0.41366,0.38454,0.03297,0.06719,0.35119,1.0000000000000004e-08,0,11.8
TD,127,0.34488,0.64723,0.64441,0.3044,0.41365,0.38435,0.03295,0.0672,0.35119,1.0000000000000004e-08,0,11.8
TD,128,0.34488,0.64722,0.64441,0.30449,0.41368,0.38442,0.03295,0.0672,0.35119,1.0000000000000004e-08,0,11.8
TD,129,0.34487,0.64782,0.64441,0.30408,0.41373,0.38419,0.03295,0.06722,0.35119,1.0000000000000004e-08,0,11.9
TD,130,0.34488,0.64785,0.64441,0.30395,0.41365,0.38409,0.03295,0.06722,0.35119,1.0000000000000004e-08,0,11.8
TD,131,0.34487,0.64791,0.64441,0.30387,0.4136,0.38397,0.03296,0.06723,0.35119,1.0000000000000004e-08,0,11.8
TD,132,0.34486,0.64803,0.64441,0.30315,0.41364,0.38354,0.03296,0.06724,0.35119,1.0000000000000004e-08,0,11.8
TD,133,0.34485,0.64789,0.64441,0.3033,0.41366,0.38359,0.03295,0.06722,0.35119,1.0000000000000004e-08,0,11.8
TD,134,0.34485,0.648,0.64441,0.30334,0.41399,0.38354,0.03293,0.06724,0.35119,1.0000000000000004e-08,0,11.8
TD,135,0.34486,0.64801,0.64441,0.30336,0.41401,0.38355,0.03293,0.06724,0.35119,1.0000000000000004e-08,0,11.8
TD,136,0.34485,0.64801,0.64441,0.30336,0.41402,0.38356,0.03293,0.06724,0.35119,1.0000000000000004e-08,0,11.8
TD,137,0.34484,0.64801,0.64441,0.30338,0.414,0.38357,0.03293,0.06724,0.35119,1.0000000000000004e-08,0,11.8
TD,138,0.34484,0.64801,0.64441,0.30336,0.41402,0.38356,0.03293,0.06724,0.35119,1.0000000000000004e-08,0,11.8
TD,139,0.34484,0.64803,0.64441,0.30333,0.41401,0.38353,0.03293,0.06725,0.35119,1.0000000000000004e-08,0,11.8
TD,140,0.34483,0.64802,0.64441,0.3034,0.414,0.38359,0.03292,0.06724,0.35119,1.0000000000000004e-08,0,11.8
TD,141,0.34483,0.648,0.64441,0.3034,0.41399,0.38361,0.03292,0.06724,0.35119,1.0000000000000004e-08,0,11.8
TD,142,0.34482,0.64799,0.64441,0.30344,0.41402,0.38367,0.03293,0.06724,0.35119,1.0000000000000004e-08,0,11.8
TD,143,0.34483,0.64803,0.64441,0.30343,0.41387,0.38371,0.03293,0.06723,0.35119,1.0000000000000004e-08,0,11.8
TD,144,0.34483,0.64818,0.64441,0.30186,0.41387,0.38283,0.03294,0.06724,0.35119,1.0000000000000004e-08,0,11.8
TD,145,0.34482,0.64819,0.64441,0.30183,0.41386,0.3828,0.03294,0.06724,0.35119,1.0000000000000004e-08,0,11.8
TD,146,0.34481,0.64816,0.64441,0.30193,0.41396,0.38287,0.03293,0.06724,0.35119,1.0000000000000004e-08,0,11.8
TD,147,0.3448,0.64815,0.64441,0.30196,0.41398,0.38287,0.03292,0.06724,0.35119,1.0000000000000004e-08,0,11.8
TD,148,0.3448,0.64847,0.64441,0.30022,0.41401,0.38187,0.0329,0.06727,0.35119,1.0000000000000004e-08,0,11.9
TD,149,0.34479,0.64835,0.64441,0.30141,0.41405,0.38246,0.03289,0.06727,0.35119,1.0000000000000004e-08,0,11.8
TD,150,0.34479,0.64835,0.64441,0.30142,0.41407,0.38246,0.03288,0.06727,0.35119,1.0000000000000004e-08,0,11.8
TD,151,0.34479,0.64835,0.64441,0.30133,0.41404,0.38239,0.03289,0.06727,0.35119,1.0000000000000004e-08,0,11.8
TD,152,0.34479,0.64833,0.64441,0.30138,0.41402,0.38248,0.03289,0.06727,0.35119,1.0000000000000004e-08,0,11.8
TD,153,0.34478,0.64831,0.64441,0.3014,0.41389,0.3826,0.03293,0.06726,0.35119,1.0000000000000004e-08,0,11.8
TD,154,0.34478,0.64828,0.64441,0.30155,0.41394,0.38277,0.03293,0.06725,0.35119,1.0000000000000004e-08,0,11.8
TD,155,0.34477,0.64825,0.64441,0.30158,0.41394,0.38279,0.03293,0.06725,0.35119,1.0000000000000004e-08,0,11.8
TD,156,0.34477,0.64826,0.64441,0.30162,0.41401,0.38278,0.03292,0.06725,0.35119,1.0000000000000004e-08,0,11.8
TD,157,0.34476,0.64826,0.64441,0.30162,0.41401,0.38278,0.03291,0.06725,0.35119,1.0000000000000004e-08,0,11.8
TD,158,0.34476,0.64825,0.64441,0.30161,0.41399,0.38277,0.03292,0.06725,0.35119,1.0000000000000004e-08,0,11.8
TD,159,0.34477,0.64828,0.64441,0.30115,0.41394,0.38256,0.03292,0.06725,0.35119,1.0000000000000004e-08,0,11.8
TD,160,0.34477,0.64831,0.64441,0.30109,0.41395,0.38251,0.03292,0.06726,0.35119,1.0000000000000004e-08,0,11.8
TD,161,0.34476,0.64817,0.64441,0.30166,0.41404,0.38303,0.03294,0.06724,0.35119,1.0000000000000004e-08,0,11.8
TD,162,0.34476,0.64817,0.64441,0.30165,0.41403,0.38302,0.03294,0.06724,0.35119,1.0000000000000004e-08,0,11.8
TD,163,0.34476,0.64809,0.64441,0.30196,0.41453,0.38323,0.03292,0.06723,0.35119,1.0000000000000004e-08,0,11.8
TD,164,0.34475,0.64814,0.64441,0.30173,0.41429,0.38303,0.03292,0.06723,0.35119,1.0000000000000004e-08,0,11.8
TD,165,0.34475,0.64812,0.64441,0.30191,0.4145,0.38319,0.03291,0.06723,0.35119,1.0000000000000004e-08,0,11.8
TD,166,0.34474,0.64817,0.64441,0.30144,0.41446,0.38295,0.03292,0.06724,0.35119,1.0000000000000004e-08,0,11.9
TD,167,0.34473,0.64816,0.64441,0.30143,0.41447,0.38292,0.03292,0.06724,0.35119,1.0000000000000004e-08,0,11.9
TD,168,0.34474,0.64815,0.64441,0.30148,0.4144,0.38305,0.03293,0.06723,0.35119,1.0000000000000004e-08,0,11.9
TD,169,0.34474,0.64812,0.64441,0.30151,0.41447,0.38302,0.03292,0.06723,0.35119,1.0000000000000004e-08,0,11.8
TD,170,0.34473,0.6479,0.64441,0.30196,0.41446,0.38353,0.03293,0.06721,0.35119,1.0000000000000004e-08,0,11.8
TD,171,0.34472,0.64791,0.64441,0.30195,0.41446,0.38352,0.03293,0.06721,0.35119,1.0000000000000004e-08,0,11.8
TD,172,0.34472,0.64789,0.64441,0.30208,0.41447,0.38363,0.03295,0.0672,0.35119,1.0000000000000004e-08,0,11.8
TD,173,0.34472,0.6479,0.64441,0.30211,0.41451,0.38359,0.03294,0.0672,0.35119,1.0000000000000004e-08,0,11.9
TD,174,0.34472,0.64788,0.64441,0.30221,0.41449,0.38371,0.03294,0.06719,0.35119,1.0000000000000004e-08,0,11.8
TD,175,0.34471,0.64805,0.64441,0.30143,0.41447,0.38331,0.03295,0.06721,0.35119,1.0000000000000004e-08,0,11.8
TD,176,0.34471,0.64803,0.64441,0.30143,0.41446,0.38331,0.03294,0.06721,0.35119,1.0000000000000004e-08,0,11.8
TD,177,0.34471,0.64799,0.64441,0.302,0.41402,0.38368,0.03298,0.0672,0.35119,1.0000000000000004e-08,0,11.8
TD,178,0.3447,0.64816,0.64441,0.30125,0.41401,0.38326,0.03297,0.06721,0.35119,1.0000000000000004e-08,0,11.8
TD,179,0.34471,0.6482,0.64441,0.30124,0.41403,0.38324,0.03297,0.06721,0.35119,1.0000000000000004e-08,0,11.8
TD,180,0.34471,0.64782,0.64441,0.30307,0.41405,0.38424,0.03296,0.06718,0.35119,1.0000000000000004e-08,0,11.8
TD,181,0.34472,0.64782,0.64441,0.3031,0.41403,0.3843,0.03297,0.06718,0.35119,1.0000000000000004e-08,0,11.8
TD,182,0.34471,0.64769,0.64441,0.30336,0.41427,0.38432,0.03295,0.06716,0.35119,1.0000000000000004e-08,0,11.8
TD,183,0.34471,0.64801,0.64441,0.30167,0.41429,0.38343,0.03295,0.06718,0.35119,1.0000000000000004e-08,0,11.8
TD,184,0.3447,0.64801,0.64441,0.30173,0.41431,0.38349,0.03295,0.06718,0.35119,1.0000000000000004e-08,0,11.8
TD,185,0.3447,0.64813,0.64441,0.30159,0.41429,0.38343,0.03296,0.0672,0.35119,1.0000000000000004e-08,0,11.8
TD,186,0.3447,0.64805,0.64441,0.30167,0.41425,0.38346,0.03296,0.06719,0.35119,1.0000000000000004e-08,0,11.8
TD,187,0.3447,0.64806,0.64441,0.30163,0.41427,0.38344,0.03295,0.06719,0.35119,1.0000000000000004e-08,0,11.8
TD,188,0.3447,0.64805,0.64441,0.3017,0.41424,0.38352,0.03296,0.06719,0.35119,1.0000000000000004e-08,0,11.8
TD,189,0.34469,0.64805,0.64441,0.30161,0.41423,0.38341,0.03295,0.06719,0.35119,1.0000000000000004e-08,0,11.8
TD,190,0.34469,0.64805,0.64441,0.30167,0.41425,0.38345,0.03295,0.06719,0.35119,1.0000000000000004e-08,0,11.8
TD,191,0.34468,0.64805,0.64441,0.30166,0.41423,0.38345,0.03295,0.06719,0.35119,1.0000000000000004e-08,0,11.9
TD,192,0.34468,0.64804,0.64441,0.30167,0.41423,0.38344,0.03295,0.06719,0.35119,1.0000000000000004e-08,0,11.9
TD,193,0.34467,0.64807,0.64441,0.30148,0.41429,0.38321,0.03292,0.0672,0.35119,1.0000000000000004e-08,0,11.9
TD,194,0.34466,0.64807,0.64441,0.30148,0.41435,0.38321,0.03292,0.0672,0.35119,1.0000000000000004e-08,0,11.8
TD,195,0.34466,0.64807,0.64441,0.30141,0.41428,0.38319,0.03293,0.0672,0.35119,1.0000000000000004e-08,0,11.9
TD,196,0.34465,0.64806,0.64441,0.30141,0.41424,0.3832,0.03293,0.0672,0.35119,1.0000000000000004e-08,0,11.9
TD,197,0.34465,0.64803,0.64441,0.3015,0.4143,0.38328,0.03293,0.0672,0.35119,1.0000000000000004e-08,0,11.8
TD,198,0.34466,0.64803,0.64441,0.30149,0.41427,0.38328,0.03293,0.0672,0.35119,1.0000000000000004e-08,0,11.9
TD,199,0.34466,0.64808,0.64441,0.30142,0.41431,0.38318,0.03292,0.0672,0.35119,1.0000000000000004e-08,0,11.8
TD,200,0.34466,0.64807,0.64441,0.30142,0.41434,0.38317,0.03289,0.0672,0.35119,1.0000000000000004e-08,0,11.9
